"Status","Start Time","Stop Time","Duration in ms","Parent Suite","Suite","Sub Suite","Test Class","Test Method","Name","Description"
"passed","Tue Apr 27 14:27:23 CST 2021","Tue Apr 27 14:27:23 CST 2021","0","","test_parametrize","","","","test_foo[10000-1]",""
"passed","Tue Apr 27 14:27:23 CST 2021","Tue Apr 27 14:27:23 CST 2021","0","","test_parametrize","","","","test_foo[0.4-0]",""
"passed","Tue Apr 27 14:27:23 CST 2021","Tue Apr 27 14:27:23 CST 2021","0","","test_param_in_file","","","","test_add[bigint]",""
"passed","Tue Apr 27 14:27:23 CST 2021","Tue Apr 27 14:27:23 CST 2021","0","","test_setup_teardown","TestCase","","","test_three",""
"passed","Tue Apr 27 14:27:23 CST 2021","Tue Apr 27 14:27:23 CST 2021","0","","test_parametrize","","","","test_foo[0.4-1]",""
"passed","Tue Apr 27 14:27:23 CST 2021","Tue Apr 27 14:27:23 CST 2021","0","","test_parametrize","","","","test_foo[-2-0]",""
"passed","Tue Apr 27 14:27:23 CST 2021","Tue Apr 27 14:27:23 CST 2021","0","","test_parametrize","","","","test_foo[-2-1]",""
"passed","Tue Apr 27 14:27:23 CST 2021","Tue Apr 27 14:27:23 CST 2021","0","","test_setup_teardown","","","","test_two",""
"passed","Tue Apr 27 14:27:23 CST 2021","Tue Apr 27 14:27:23 CST 2021","0","","test_fixture","Test_firstFile","","","test_two[参数1]",""
"passed","Tue Apr 27 14:27:23 CST 2021","Tue Apr 27 14:27:23 CST 2021","0","","test_parametrize","","","","test_foo[10000-0]",""
"passed","Tue Apr 27 14:27:23 CST 2021","Tue Apr 27 14:27:23 CST 2021","4","","test_demo1","Test_Demo","","","test_demo",""
"passed","Tue Apr 27 14:27:23 CST 2021","Tue Apr 27 14:27:23 CST 2021","0","","test_parametrize","","","","test_add[int]",""
"passed","Tue Apr 27 14:27:23 CST 2021","Tue Apr 27 14:27:23 CST 2021","0","","test_setup_teardown","TestCase","","","test_four",""
"passed","Tue Apr 27 14:27:23 CST 2021","Tue Apr 27 14:27:23 CST 2021","0","","test_parametrize","","","","test_foo[0.4-20000]",""
"passed","Tue Apr 27 14:27:23 CST 2021","Tue Apr 27 14:27:23 CST 2021","0","","test_param_in_file","","","","test_add[minus]",""
"passed","Tue Apr 27 14:27:23 CST 2021","Tue Apr 27 14:27:23 CST 2021","0","","test_fixture","Test_firstFile","","","test_two[参数2]",""
"passed","Tue Apr 27 14:27:23 CST 2021","Tue Apr 27 14:27:23 CST 2021","0","","test_parametrize","","","","test_foo[10000-20000]",""
"passed","Tue Apr 27 14:27:23 CST 2021","Tue Apr 27 14:27:23 CST 2021","0","","test_mark_study","Test_demo2","","","test_demo",""
"passed","Tue Apr 27 14:27:23 CST 2021","Tue Apr 27 14:27:23 CST 2021","0","","test_setup_teardown","","","","test_one",""
"passed","Tue Apr 27 14:27:23 CST 2021","Tue Apr 27 14:27:23 CST 2021","0","","test_param_in_file","","","","test_add[int]",""
"passed","Tue Apr 27 14:27:23 CST 2021","Tue Apr 27 14:27:23 CST 2021","0","","test_fixture","Test_firstFile","","","test_three",""
"passed","Tue Apr 27 14:27:23 CST 2021","Tue Apr 27 14:27:23 CST 2021","5","","test_parametrize","","","","test_add[minus]",""
"passed","Tue Apr 27 14:27:23 CST 2021","Tue Apr 27 14:27:23 CST 2021","0","","test_fixture","Test_firstFile","","","test_one",""
"passed","Tue Apr 27 14:27:23 CST 2021","Tue Apr 27 14:27:23 CST 2021","0","","test_parametrize","","","","test_foo[-2-20000]",""
"passed","Tue Apr 27 14:27:23 CST 2021","Tue Apr 27 14:27:23 CST 2021","0","","test_parametrize","","","","test_add[bigint]",""
